{"cameraMode":{"drawMode":0,"name":"Shaded","section":"Shading Mode"},"sceneLighting":true,"audioPlay":false,"sceneViewState":{"m_AlwaysRefresh":false,"showFog":true,"showSkybox":true,"showFlares":true,"showImageEffects":true,"showParticleSystems":true,"showVisualEffectGraphs":true,"m_FxEnabled":true},"in2DMode":false,"pivot":{"x":-0.0431385338306427,"y":2.520615577697754,"z":-0.1180124282836914},"rotation":{"x":-0.13272742927074433,"y":-0.008501584641635418,"z":0.0010656177764758468,"w":-0.9909753203392029},"size":5.293828964233398,"orthographic":false}